AatII,GACGTC
AbaSI,CNNNNNNNNNNNNNNNNNNNNG
AccI,GTMKAC
AccI,GGTACC
AciI,CCGC
AclI,AACGTT
AcuI,CTGAAG
AfeI,AGCGCT
AflII,CTTAAG
AflIII,ACRYGT
AgeI,ACCGGT
AgeIHF,ACCGGT
AhdI,GACNNNNNGTC
AleIv,CACNNNNGTG
AluI,AGCT
AlwI,GGATC
AlwNI,CAGNNNCTG
ApaI,GGGCCC
ApaLI,GTGCAC
ApeKI,GCWGC
ApoI,RAATTY
ApoIHF,RAATTY
AscI,GGCGCGCC
AseI,ATTAAT
AsiSI,GCGATCGC
AvaI,CYCGRG
AvaII,GGWCC
AvrII,CCTAGG
BaeGI,GKGCMC
BaeI,0ACNNNNGTAYC
BamHI,GGATCC
BamHIHF,GGATCC
BanI,GGYRCC
BanII,GRGCYC
BbsI,GAAGAC
BbsIHF,GAAGAC
BbvCI,CCTCAGC
BbvI,GCAGC
BccI,CCATC
BceAI,ACGGC
BcgI,0CGANNNNNNTGC0
BciVI,GTATCC
BclI,TGATCA
BclIHF,TGATCA
BcoDI,GTCTC
BfaI,CTAG
BfuAI,ACCTGC
BglI,GCCNNNNNGGC
BglII,AGATCT
BlpI,GCTNAGC
BmgBI,CACGTC
BmrI,ACTGGG
BmtI,GCTAGC
BmtIHF,GCTAGC
BpmI,CTGGAG
BpuEI,CTTGAG
Bpu0I,CCTNAGC
BsaAI,YACGTR
BsaBI,GATNNNNATC
BsaHI,GRCGYC
BsaI,GGTCTC
BsaIHFv,GGTCTC
BsaJI,CCNNGG
BsaWI,WCCGGW
BsaXI,ACNNNNNCTCC0
BseRI,GAGGAG0
BseYI,CCCAGC
BsgI,GTGCAG
BsiEI,CGRYCG
BsiHKAI,GWGCWC
BsiWI,CGTACG
BsiWIHF,CGTACG
BslI,CCNNNNNNNGG
BsmAI,GTCTC
BsmBIv,CGTCTC
BsmFI,GGGAC0
BsmI,GAATGC
BsoBI,CYCGRG
BspCNI,CTCAG
BspDI,ATCGAT
BspEI,TCCGGA
BspHI,TCATGA
BspI,GDGCHC
BspMI,ACCTGC
BspQI,GCTCTTC
BsrBI,CCGCTC
BsrDI,GCAATG0
BsrFIv,RCCGGY
BsrGI,TGTACA
BsrGIHF,TGTACA
BsrI,ACTGG
BssHII,GCGCGC
BssSIv,CACGAG
BstAPI,GCANNNNNTGC
BstBI,TTCGAA
BstEII,GGTNACC
BstUI,CGCG
BstXI,CCANNNNNNTGG
BstYI,RGATCY
BstZIHF,GTATAC
BsuI,CCTNAGG
BtgI,CCRYGG
BtgZI,GCGATG0
BtsCI,GGATG0
BtsIMutI,CAGTG0
BtsIv,GCAGTG0
CacI,GCNNGC
ClaI,ATCGAT
CspCI,CAANNNNNGTGG0
CviAII,CATG
CviKI,RGCY
CviQI,GTAC
DdeI,CTNAG
DpnI,GATC
DpnII,GATC
DraI,TTTAAA
DraIIIHF,CACNNNGTG
DrdI,GACNNNNNNGTC
EaeI,YGGCCR
EagI,CGGCCG
EagIHF,CGGCCG
EarI,CTCTTC
EciI,GGCGGA
EcokI,GAGCTC
EcoNI,CCTNNNNNAGG
EcoO0I,RGGNCCY
EcoPI,CAGCAG
EcoRI,GAATTC
EcoRIHF,GAATTC
EcoRV,GATATC
EcoRVHF,GATATC
EspI,CGTCTC
FatI,CATG
FauI,CCCGC
FnuHI,GCNGC
FokI,GGATG
FseI,GGCCGGCC
FspEI,CC
FspI,TGCGCA
HaeII,RGCGCY
HaeIII,GGCC
HgaI,GACGC0
HhaI,GCGC
HincII,GTYRAC
HindIII,AAGCTT
HindIIIHF,AAGCTT
HinfI,GANTC
HinPI,GCGC
HpaI,GTTAAC
HpaII,CCGG
HphI,GGTGA
HpyAV,CCTTC
HpyCHIII,ACNGT
HpyCHIV,ACGT
HpyCHV,TGCA
HpyI,CGWCG
HpyI,TCNGA
HpyII,GTNNAC
HpyIII,TCNNGA
ICeuI,TAACTATAACGGTCCTAAGGTAGCGAA
ISceI,TAGGGATAACAGGGTAAT
KasI,GGCGCC
KpnI,GGTACC
KpnIHF,GGTACC
LpnPI,CCDG0
MboI,GATC
MboII,GAAGA
MfeI,CAATTG
MfeIHF,CAATTG
MluCI,AATT
MluI,ACGCGT
MluIHF,ACGCGT
MlyI,GAGTC
MmeI,TCCRAC0
MnlI,CCTC
MscI,TGGCCA
MseI,TTAA
MslI,CAYNNNNRTG
MspAI,CMGCKG
MspI,CCGG
MspJI,CNNR
MwoI,GCNNNNNNNGC
NaeI,GCCGGC
NarI,GGCGCC
Nb.BbvCI,CCTCAGC
Nb.BsmI,GAATGC
Nb.BsrDI,GCAATG
Nb.BssSI,CACGAG
Nb.BtsI,GCAGTG
NciI,CCSGG
NcoI,CCATGG
NcoIHF,CCATGG
NdeI,CATATG
NgoMIV,GCCGGC
NheI,GCTAGC
NheIHF,GCTAGC
NlaIII,CATG
NlaIV,GGNNCC
NmeAIII,GCCGAG
NotI,GCGGCCGC
NotIHF,GCGGCCGC
NruI,TCGCGA
NruIHF,TCGCGA
NsiI,ATGCAT
NsiIHF,ATGCAT
NspI,RCATGY
Nt.AlwI,GGATC
Nt.BbvCI,CCTCAGC
Nt.BsmAI,GTCTC
Nt.BspQI,GCTCTTC
Nt.BstNBI,GAGTC
Nt.CviPII,0CCD
PacI,TTAATTAA
PaeRI,CTCGAG
PciI,ACATGT
PflFI,GACNNNGTC
PflMI,CCANNNNNTGG
PIPspI,TGGCAAACAGCTATTATGGGTATTATGGGT
PISceI,ATCTATGTCGGGTGCGGAGAAAGAGGTAAT
PleI,GAGTC
PluTI,GGCGCC
PmeI,GTTTAAAC
PmlI,CACGTG
PpuMI,RGGWCCY
PshAI,GACNNNNGTC
PsiIv,TTATAA
PspGI,CCWGG
PspOMI,GGGCCC
PspXI,VCTCGAGB
PstI,CTGCAG
PstIHF,CTGCAG
PvuI,CGATCG
PvuIHF,CGATCG
PvuII,CAGCTG
PvuIIHF,CAGCTG
RsaI,GTAC
RsrII,CGGWCCG
SacI,GAGCTC
SacIHF,GAGCTC
SacII,CCGCGG
SalI,GTCGAC
SalIHF,GTCGAC
SapI,GCTCTTC
SauAI,GATC
SauI,GGNCC
SbfI,CCTGCAGG
SbfIHF,CCTGCAGG
ScaIHF,AGTACT
ScrFI,CCNGG
SexAI,ACCWGGT
SfaNI,GCATC
SfcI,CTRYAG
SfiI,GGCCNNNNNGGCC
SfoI,GGCGCC
SgrAI,CRCCGGYG
SmaI,CCCGGG
SmlI,CTYRAG
SnaBI,TACGTA
SpeI,ACTAGT
SpeIHF,ACTAGT
SphI,GCATGC
SphIHF,GCATGC
SrfI,GCCCGGGC
SspI,AATATT
SspIHF,AATATT
StuI,AGGCCT
StyDI,CCNGG
StyIHF,CCWWGG
SwaI,ATTTAAAT
TaqIv,TCGA
TfiI,GAWTC
TseI,GCWGC
TspI,GTSAC
TspMI,CCCGGG
TspRI,NNCASTGNN
TthI,GACNNNGTC
XbaI,TCTAGA
XcmI,CCANNNNNNNNNTGG
XhoI,CTCGAG
XmaI,CCCGGG
XmnI,GAANNNNTTC
ZraI,GACGTC